acceptor_residue,donor_residue,acceptor_atom,donor_atom,hydrogen_atom,donor_acceptor_angstrom,hydrogen_acceptor_angstrom,donor_hydrogen_acceptor_degrees
1,5,O,N,H,3.086660385131836,2.09808087348938,165.62472534179688
2,6,O,N,H,3.086660146713257,2.0980803966522217,165.62472534179688
3,7,O,N,H,3.086660385131836,2.098080635070801,165.624755859375
4,8,O,N,H,3.086660146713257,2.098080635070801,165.624755859375
5,9,O,N,H,3.086660385131836,2.098080635070801,165.62472534179688
6,10,O,N,H,3.086660385131836,2.098080635070801,165.624755859375
7,11,O,N,H,3.086660146713257,2.098080635070801,165.62472534179688
8,12,O,N,H,3.086660623550415,2.0980803966522217,165.624755859375
9,13,O,N,H,3.086660146713257,2.098080635070801,165.624755859375
10,14,O,N,H,3.086660385131836,2.0980803966522217,165.624755859375
11,15,O,N,H,3.086660146713257,2.09808087348938,165.624755859375
12,16,O,N,H,3.086660146713257,2.0980803966522217,165.624755859375
